id;numero;montant;date_generation;demande_id
78daa930-7973-4313-8477-7e1801479043;secouriste vouh détruire;28065.54;2026-09-21T09:34:14;fd9c38c5-54ab-4771-8d96-b08668875463
205b5de4-c006-4aec-945d-7978bce94ab2;bè ha ha;23066.59;2026-09-21T11:36:57;4ae6ea44-8a5c-4056-8c05-ce99a8be1d83
41752610-133e-4313-bc51-e2a2f21c966f;alors que;30622.33;2026-09-21T22:29:43;5476a98f-ecdb-46bb-9e0f-0df30eea8d52
15f26218-4ba9-473e-bacf-a791a5b4e232;substituer crac drelin;30034.23;2026-09-21T11:50:58;146554d6-7632-4f40-b9c2-60a957d0dcd7
41fd5704-3a8a-4912-b280-a6325172c164;areu areu secouriste;30202.79;2026-09-22T04:39:43;339de479-657e-44c6-aa9f-93d67b70a35a
6b9465a4-223a-410a-9d37-5fda5af16807;en bas de en;11066.69;2026-09-21T14:56:44;26300704-5c08-4133-92aa-b822b9f52013
71efdff8-df06-473e-a6e8-f359797d6e7b;grâce à pschitt ménager;5362.06;2026-09-22T06:23:23;d7109900-4f7e-4b77-9b35-ca8214e06cbb
482bbe65-fc2a-4189-a53a-f1aa4ad80730;collègue;5161.02;2026-09-22T07:05:15;6050cbb3-6c12-46d3-8a56-30374aadec88
ebae2c98-c296-483a-883b-b4dd8152d443;cot cot jusqu’à ce que;12758.99;2026-09-22T04:03:11;86f81e49-efd5-4e55-96bd-42dbaec29347
d86fe2c2-54aa-496e-aef5-0fc2af73cd23;à bas de envers là;10120.45;2026-09-21T18:57:16;0ed188a8-9f93-454e-8cc5-160b29cfda2b
fd845a3c-922d-4b94-8934-b0d1b6cfdf02;donner vétuste biathlète;4180.9;2026-09-21T19:06:19;139d4b4c-454f-4fb5-9988-766b998856ed
fb3347e8-c934-4867-a73e-8c257df0550f;de peur de vouh;16938.87;2026-09-22T02:35:12;47c48f31-2ef1-4bbd-be4b-d489e8b4dd17
05a9c8fa-7773-4178-aaea-b04dbd7f79a5;ha euh;10944.71;2026-09-21T09:29:04;faceb81d-9f1d-4695-ad75-7ccb590b196d
709c4e51-8b52-4846-bdd1-11422abd30eb;rudement;27969.34;2026-09-21T14:18:26;2d54ead1-62cb-4af1-9338-637a11fda158
fea6dbd0-4020-4a4c-8ec9-a8d5fe831351;multiple outre hypocrite;19315.08;2026-09-21T18:37:05;334d8780-3321-4043-acb4-f7c4340092e2
30f69948-d4c7-479d-84f2-2dfdcdcd791d;membre à vie;1466.17;2026-09-22T07:33:35;10df3883-7a95-4953-aa67-ce56a10cb48a
0f20a8bf-aed8-4c23-ac9a-089d25b11743;suffire moderne guide;18583.49;2026-09-21T18:48:01;ef29bca6-596e-4731-853c-22818e44095d
9bd25698-0175-44f4-9294-62dd403de92a;ouille premièrement;26712.5;2026-09-21T13:47:58;a5bf763c-3690-49b6-9c7c-b02a42fd4a09
242be748-857e-4534-b886-5655da544e58;rapprocher;30521.23;2026-09-21T22:50:41;e2451ed2-e5b9-4a59-b624-15e69bba7627
831560a8-95e0-4efa-bd94-e31ae31fbbe1;à cause de;12611.76;2026-09-21T23:07:46;4334e90d-c3d1-45bd-8290-1f455ddf21df
37d11540-5413-4401-992e-2b79647a9172;boum déboucher parlementaire;12896.71;2026-09-21T09:59:57;9b1772eb-b078-4556-a68d-1b3c150c3833
1a79a2fa-3cea-486f-b816-ccb61e900139;quoique direction;19675.25;2026-09-21T21:29:48;3862ea9e-955f-4b31-9c2a-c86e47f886d1
7b1d66ae-974f-4e14-ad07-493cded8e5f2;communauté étudiante miam;10842.32;2026-09-21T09:33:13;a7f1d645-6f09-464d-b407-565bcd0f5885
c11486da-6808-4902-916d-33a0989afacc;antagoniste;5235.62;2026-09-21T09:18:47;b5644f54-d8dd-4a36-a224-13b83db7e420
b6a21813-0e53-43a6-b6af-169328172560;de peur que sitôt que serviable;22870.09;2026-09-21T10:20:42;57439d89-49d4-490d-999b-9b3ce932d2db
b48d6c91-ad19-487e-98d0-f63cd923d28f;ha glouglou commenter;19898.69;2026-09-21T23:01:57;c953f712-05c6-4e75-828e-7dd759dd0618
05e8c999-9401-47ab-a0bc-9ee49d9765de;tellement combien quant à;10377.49;2026-09-22T02:54:09;10b3621b-c54d-4afb-8469-83a85220f40b
2af0af66-49ad-4590-bf84-b9c5fb0a1773;infime;587.73;2026-09-21T09:16:13;9ba1d688-e0d1-44ed-bdc7-7cb1c6ea02f3
15116724-0bba-4462-a1c3-44dcc1b07ea9;de manière à ce que partenaire corps enseignant;26679.48;2026-09-22T02:34:43;a341b1b1-ef1f-42d6-99b0-9d980e154138
2cd648b9-e6fa-4de9-889c-ca089df37767;au cas où désagréable;15152.84;2026-09-21T17:08:23;9a250185-2d79-40d7-8c49-068fa0f91a98
