id;date_changement;demande_id;statut_id
c42d750d-9de2-4aec-a819-058c0c269077;2026-09-21T12:35:52;fd9c38c5-54ab-4771-8d96-b08668875463;95d54f68-f5e3-4c04-9dbb-41f5fc44ed7c
98ff1efb-0268-449d-9bd7-ac23b8c512d2;2026-09-21T20:18:13;4ae6ea44-8a5c-4056-8c05-ce99a8be1d83;3849d12a-bd3a-4fd6-92ee-98aaa5b8b4e6
80bac898-ffcc-4be6-8994-ce3af73c5ad0;2026-09-21T18:45:59;5476a98f-ecdb-46bb-9e0f-0df30eea8d52;e37364ab-2d96-45c3-a870-924d03bfbf8f
01a091ce-c02d-4997-be7e-4107e5c08287;2026-09-22T00:53:11;146554d6-7632-4f40-b9c2-60a957d0dcd7;fc07c218-f025-4004-a782-278c5dc05c99
5f7db75b-4bfb-48e1-9788-718440140169;2026-09-22T06:02:09;339de479-657e-44c6-aa9f-93d67b70a35a;207e2565-2c45-44b6-bf1d-4d51b69fb2ed
0511b11d-1295-4a3b-beee-a0b011078756;2026-09-21T13:08:47;26300704-5c08-4133-92aa-b822b9f52013;6f67648e-3be7-4571-a952-77b3660dd558
2ef9f015-b2a4-4d8b-b35b-f81122387356;2026-09-21T22:43:29;d7109900-4f7e-4b77-9b35-ca8214e06cbb;9fc376ea-d82b-42d9-ae46-3709c12b5fb5
c3da9e37-9aa4-40fc-89be-fe4632c481d8;2026-09-21T17:54:24;6050cbb3-6c12-46d3-8a56-30374aadec88;474cc683-930b-4306-b51c-18c2ebf2f4b2
eb5cec8b-c41a-4fef-a4d3-b7c7e5396fcc;2026-09-21T11:25:55;86f81e49-efd5-4e55-96bd-42dbaec29347;3c4b4d54-94e2-4519-85a3-a0ec991618ec
559c1512-23da-47de-96b9-0569ac572e8a;2026-09-22T05:13:09;0ed188a8-9f93-454e-8cc5-160b29cfda2b;e5808b06-c720-4248-b27c-69d69342feb3
b4ca7896-f758-4ef5-ab39-c77e2b12ba0f;2026-09-22T03:15:26;139d4b4c-454f-4fb5-9988-766b998856ed;6ca2bf2d-83e2-4fb0-9133-75afbf1fec5c
2a3c5eb1-abe6-46e9-92af-d16d0bc13e03;2026-09-21T10:30:41;47c48f31-2ef1-4bbd-be4b-d489e8b4dd17;528f98d8-7ebf-4cbd-8b41-d5f29cca0db4
51e9d133-fdc2-4887-9942-e8b8db4dc459;2026-09-21T19:59:55;faceb81d-9f1d-4695-ad75-7ccb590b196d;3256c932-148e-4609-89f4-80539adb9d62
8854f5b0-b664-423d-b1a8-e939e0b76417;2026-09-22T08:54:16;2d54ead1-62cb-4af1-9338-637a11fda158;0bf26c1f-abad-4304-85c1-24cb164195e9
ad573c38-c91a-43bc-9b58-406aa4b4a134;2026-09-22T01:36:54;334d8780-3321-4043-acb4-f7c4340092e2;8e769a2b-2afd-457e-b8dd-859bdcd3f77c
e7af971d-2b34-4fe7-93b2-d97686784b15;2026-09-21T22:33:34;10df3883-7a95-4953-aa67-ce56a10cb48a;594f83df-0ec8-4e49-b5f3-0e4dceeedbb0
17539254-a6cd-4323-b13b-c499f15da3b8;2026-09-21T12:16:30;ef29bca6-596e-4731-853c-22818e44095d;ddf30d4d-5612-4e2b-bf64-2a62183f133c
32b65b57-f796-42a5-bc12-01c2a1eda994;2026-09-22T02:24:14;a5bf763c-3690-49b6-9c7c-b02a42fd4a09;583c4a78-de5e-40c6-bb8a-77550a2d30eb
d9ce25d7-e63e-4735-bef9-e282bbb06fe8;2026-09-21T09:10:01;e2451ed2-e5b9-4a59-b624-15e69bba7627;930bd798-ceb2-41e7-8013-6c83f3eb0de9
3a56625e-d54c-4c70-a7b8-d130cbcc5799;2026-09-22T07:18:47;4334e90d-c3d1-45bd-8290-1f455ddf21df;1b5ac6c3-458f-4678-8fc2-967b3bd7da20
609f9d8f-f209-43d8-8633-89aad2e0cfb9;2026-09-21T19:29:04;9b1772eb-b078-4556-a68d-1b3c150c3833;3a1c6568-703c-427c-af76-20094d50ed8c
c4ebbb48-1248-4ce0-9d0f-c1a152a5b27e;2026-09-22T07:45:31;3862ea9e-955f-4b31-9c2a-c86e47f886d1;03754159-ff6d-4c0b-ac71-1f3a65c901dc
68b664ea-79fc-4c2b-9528-d52540dfee7a;2026-09-21T16:19:16;a7f1d645-6f09-464d-b407-565bcd0f5885;61ccea31-de51-4de4-bace-9760ec829c0a
08b1a0ce-d633-431e-83b8-2b5de334ba26;2026-09-21T17:37:38;b5644f54-d8dd-4a36-a224-13b83db7e420;025943ee-da41-48c8-b283-1bb2e3472bc8
1bd01d35-5058-4dee-8a56-dec5a4a461d5;2026-09-21T13:54:33;57439d89-49d4-490d-999b-9b3ce932d2db;4e1d7e12-7b1e-4e0e-8516-18bfb7ece7ae
2e12f209-401a-46f3-b2f7-e1e578786572;2026-09-22T01:05:50;c953f712-05c6-4e75-828e-7dd759dd0618;c4384f45-e011-45bb-b0ab-b6da4e6c1718
b1032ab4-5d54-49b3-bdf8-f53a0642dbbb;2026-09-22T05:59:32;10b3621b-c54d-4afb-8469-83a85220f40b;52153d75-1059-4040-a4f8-aaa64cca7cdb
57c5aea0-e447-4eef-a2b6-92d57cf8c85c;2026-09-21T18:17:39;9ba1d688-e0d1-44ed-bdc7-7cb1c6ea02f3;3953d789-9fc6-4f87-9c34-621b17dca716
03bb10c7-bc2c-43cc-87a2-cb3255f1390e;2026-09-21T12:32:03;a341b1b1-ef1f-42d6-99b0-9d980e154138;af141174-04fb-42c0-a878-18ef4aa422da
afb3dc03-5411-42de-b237-934ac231df25;2026-09-21T23:35:18;9a250185-2d79-40d7-8c49-068fa0f91a98;922863af-b47a-48f1-ab07-4fd33ddbbf67
