id;cle;type_operation;resource_id;date_creation;date_expiration
29b680da-c53c-4d0c-b250-6c093b020678;ouille quand;aïe;29a8cf54-7c2f-4940-ba88-958855d23685;2026-09-21T09:47:14;2026-09-21T14:18:09
cbb4b609-c76e-4527-ac3a-ceba6fc8d8a8;ça;sombre;1ac3a816-da6a-4709-9a93-ee5b1a345804;2026-09-22T05:08:33;2026-09-21T09:53:20
691dd2f1-8a08-4447-a3fe-9901270c9d30;premièrement commissionnaire mairie;patientèle;9add74bf-6c66-4a4a-b8d4-81857bcb4a40;2026-09-22T00:50:19;2026-09-22T07:36:10
888a696c-90c6-4472-a915-0f7c3c6eca3a;rose pourvu que;pour que doucement mairie;761f63fc-23c5-4c5b-abb1-53eb8ed8d2cf;2026-09-21T22:11:04;2026-09-22T02:13:15
27b3688a-4a85-4b00-b192-a3c984efd050;infime souvent tout;bien que à raison de;3d1b94dd-3bd1-47a1-8313-08d3f005ace4;2026-09-21T19:58:33;2026-09-21T23:38:40
42714d54-b09e-4b46-bb0b-7526e2e12bf8;rudement de peur que perplexe;tant membre du personnel avant que;45ecf99f-4fba-46da-96fb-7d6c2abcf9df;2026-09-21T13:34:29;2026-09-21T11:26:06
c536639b-af69-40e7-b626-199355601967;quant à;énorme à condition que;4dedb0e4-1059-4c0e-9336-363b49a57629;2026-09-21T18:01:01;2026-09-22T01:46:38
67df49ff-7f8a-4da3-905e-f5db322332f0;ah étant donné que ha;dès que autrement mélanger;35a3d768-ee8d-4b28-8bf7-9cf9ff6136ec;2026-09-22T05:08:29;2026-09-21T13:48:55
9a7f2a48-179b-45a6-bde6-4728167be278;altruiste hebdomadaire;minuscule;00febbbe-c3e5-4e2f-9427-7f919dc83b47;2026-09-22T02:00:26;2026-09-21T13:45:09
988fcdf6-7036-496f-bccb-8b3195673621;responsable peu infime;céans étant donné que horrible;3fdc8ddd-7c19-4613-b544-19fb9abf1cbe;2026-09-22T02:08:14;2026-09-22T05:53:30
51f8122d-5019-44c2-9eb0-09f7fbdb426b;beaucoup;psitt de peur que;5a7329bb-c62c-40ea-a2f2-8736ba5226e5;2026-09-21T18:39:15;2026-09-21T16:01:18
395f2056-1d8a-408b-b8da-47973cef084f;de peur de insuffisamment émérite;bientôt;f059dbde-9c6a-4a31-998c-ef025fed2443;2026-09-21T20:10:35;2026-09-22T02:03:35
119cec39-bf45-4f1d-9496-4a9a16d2cf54;dring ouch;lunatique charger;3f5e4ec4-176e-41af-ac94-e95c98e03e4d;2026-09-21T16:00:55;2026-09-22T01:34:32
1ca33ea1-2e62-4d70-b771-82d4166956ec;plic hystérique lentement;miam;ce95a460-fc85-4234-9bed-17a09695eac4;2026-09-22T07:11:24;2026-09-21T15:17:29
d4a4ca55-2b84-427c-b3df-6551de1aeda9;volontiers consentir sans que;proche;5f2da42d-1043-48a4-842f-8bebe2dcb584;2026-09-21T21:56:45;2026-09-21T15:18:24
8cb0c86c-c199-42d7-9f42-a67fac4479df;émérite;snif neutre approcher;11e344a1-d272-47e2-9da9-dd47d9fee5ff;2026-09-22T06:43:51;2026-09-22T02:30:19
953cc84a-53da-4552-8ea3-77c5f31d6642;après;du fait que comme à peu près;fb3793aa-106a-4160-8020-2b3b7c6506fe;2026-09-22T05:01:54;2026-09-22T01:00:46
182c1bb7-d91a-4740-8ebe-4a79f12de7fb;brusque broum;égoïste;4141f574-3c01-4ace-becb-6ad3e53dc64e;2026-09-21T21:10:03;2026-09-22T06:30:51
fadd75d6-7cc3-4daa-bc66-f2a6bd456700;oublier derechef blême;snif hi;94e08e02-6a23-4d3b-9df1-9fd1e1d83d3e;2026-09-21T16:46:42;2026-09-21T17:28:09
3a247c89-2b47-4776-a54e-4a0a6faad9ae;articuler;si sans étant donné que;16741480-758b-42da-b92f-1763ddd491ea;2026-09-21T15:51:49;2026-09-22T02:12:21
13205b0d-2170-47bd-87d9-1e577ff5fd3b;puisque partenaire désagréable;mince de façon que coin-coin;b5aada39-0216-461e-861f-29688fab161d;2026-09-22T09:02:00;2026-09-21T10:46:47
0a46434e-0069-412e-b1c3-c2757356acc4;dès volontiers si;concernant sédentaire glouglou;062cd792-4460-4e1e-a9a2-5d387ef26551;2026-09-21T17:04:28;2026-09-22T08:59:32
decf7bc1-b94e-4c64-98fd-419f9aa708d6;terriblement;rapide meuh adversaire;9fbbc9f1-16c0-4503-8f2b-f1a9921dcff3;2026-09-21T11:19:27;2026-09-21T13:11:10
91922574-701b-4311-90f4-630ca34a11c2;insipide déplacer;géométrique de peur que;195a2a32-d0e8-417c-b7f5-67ab5003060b;2026-09-21T17:33:51;2026-09-22T00:12:21
ac04a955-1958-4597-b07b-8775bb5263c3;pour pis;extatique à moins de incalculable;3fa418bb-53e3-42bf-be20-fb6d9e11d78c;2026-09-22T04:30:45;2026-09-21T12:29:11
aee1e08e-7f12-4180-ace5-9e3d3916d4b4;sympathique comme pacifique;éclairer perfectionner;6ad9a9f0-8a8b-4195-aab6-61668b756a09;2026-09-21T19:40:40;2026-09-21T09:11:55
b7d3272a-969c-4773-bc0c-c59bd5db0e4c;développer;en guise de malade circuler;be66fe7e-05e5-41ef-af3b-d5943e4929ba;2026-09-22T01:43:59;2026-09-21T10:48:10
c74101eb-3f2f-4aa9-8405-7cf796d86ed1;gratis athlète badaboum;défaire;3ec37d66-b8ff-4cb0-8e86-99f60f442e81;2026-09-21T21:19:25;2026-09-22T00:08:11
61253970-7a45-46ce-bc3b-bffc6197a02e;adorable baigner;contre à la faveur de;9d18a6cf-2604-4293-8423-d94d0f7b2254;2026-09-22T02:10:35;2026-09-22T03:45:53
284e889f-ac41-40b5-8597-3acebcedbe1f;pourvu que désormais;électorat novice sale;ac49c41f-aad3-4872-92cb-55f82d32444d;2026-09-21T09:54:15;2026-09-21T09:40:37
