id;action;type_objet;objet_id;correlation_id;date_action
0b5d58f6-3067-44d3-b9ec-1d2f97033e57;aussitôt que de crainte que;quitte à sursauter;0845faf0-f54b-42ea-b9d3-90c55279f205;lors;2026-09-21T10:32:17
9092d3bf-b8e4-406f-bd75-4f71dba23db5;dorénavant ronron;smack;e185c1c4-462c-4274-8bd6-ea6ce4ef6c6a;boum ensemble;2026-09-21T20:46:23
dfdaed90-6925-4e0f-8094-7b026ea89635;ah sous;premièrement;6d4ab924-acce-46f5-95db-16b475faea56;mal vroum;2026-09-22T04:29:07
6fc543c9-b518-4683-a317-7073611dd280;actionnaire;aïe en plus de vu que;9d0a0232-dd87-427e-849f-7ddfe87c0266;à la faveur de innombrable magnifique;2026-09-21T13:09:39
dd2d1673-7b6f-475e-a18e-24cc3d4a7fdd;ouin lécher à raison de;immense enrichir;c49b99ff-8526-4c46-a172-42f7b41c32c8;par rapport à à moins de;2026-09-21T23:37:21
9e3a3f25-1c17-432a-820e-b529ba8e8fbb;caractériser;même si recta;af74b44a-efae-45d2-9462-b581434a8594;bè à la merci;2026-09-22T00:12:13
b84718e0-a63a-40ab-b69f-7edf31782d0e;zzzz;triathlète renverser grâce à;f2ec69e2-8b47-4e5d-8421-149ef5440f14;bondir;2026-09-21T09:34:17
28f9917e-0f76-44bd-ae11-4e8576f07a64;jouer après-demain grrr;comme à bas de maintenant;34963e16-5d47-40eb-9813-a7916533fb1d;emmerder mal;2026-09-21T20:56:56
0120149f-80b5-45bd-a3aa-ac184def8046;tôt vouh;tant que à raison de charitable;7f1769df-d182-4001-b6df-e5d209ce8f8d;tant que toc-toc patientèle;2026-09-21T18:30:56
ef199640-221e-4124-b35a-c41202a0c173;neutre cocorico altruiste;si bien que dès que;af4a0965-2a8b-4bb1-8a53-93ce8cf2d758;basculer pendant que ronron;2026-09-21T15:57:53
937d7ca5-4867-436f-bfb7-1a6e1ad4625d;combien;atchoum;e6cb380e-ae24-4352-a079-32c0dd8d0646;secours;2026-09-21T09:15:40
45ef1cf6-8f53-4aaa-a589-af210dc3a9c0;vu que du côté de membre du personnel;y;6bdbea30-981f-4108-a0e1-e5256c2d5c04;commis de cuisine répondre assez;2026-09-22T01:08:50
fb87da34-7840-445b-a288-1888a2132a75;hôte;ha ha lâche y;3b85860f-94cb-401b-846c-78dce6835be7;marron;2026-09-22T03:47:46
40debf1e-4fb1-47a2-95ec-7599b444c91c;à peine trop sauf;plouf;2acba727-7ee6-48f2-ba7d-d94912893942;crac;2026-09-22T00:55:52
d91bf87e-0d64-4283-9413-1f575aee1ae9;adepte glouglou;fermer;187a7193-6741-4cf3-bdeb-8570e35b0edb;au-dessous de remplacer;2026-09-22T05:24:50
92e481ae-a81f-4743-93c2-37aaee2856eb;remonter;secouriste;27d161e2-213e-4f23-99f6-d2c2bcfa0be8;bè de manière à ce que;2026-09-21T22:12:26
b71464b7-ae9a-43ff-9067-369a13c59c91;réciter bien que;si bien que;d69aa768-b7b9-487d-9cc7-186324074ad4;de façon à ce que spécialiste à condition que;2026-09-22T02:11:45
a1b49350-25e5-4e8c-ae8e-db5aff7e8606;émérite aigre charitable;étrangler;35bc98a9-dd8b-4031-8e1a-5945f1e5f4f7;loin;2026-09-22T08:47:48
4c273f86-7bc3-49cb-bd7b-8a7ee0413b2e;coin-coin avant que;que du côté de sans que;331abc8b-2501-4001-be0d-b9e4dccf3a3f;sitôt que étant donné que de manière à ce que;2026-09-21T23:46:14
6e13ece7-92c2-4df9-a28f-870bb835aef6;gestionnaire agréable corps enseignant;pff;327dddae-9f20-49f3-90d2-79db11e708b0;au défaut de à l'instar de;2026-09-21T13:42:08
a3923a8b-ae35-4e5c-851d-c952dbea159b;main-d’œuvre à travers presque;espiègle dense surmonter;915a0d40-9ca6-436a-852a-1691ab340de5;tordre proche de;2026-09-22T07:27:09
7dc013ab-c698-4672-8bb8-c7064d3503e6;personnel professionnel trop fonctionnaire;joliment quand ? dès que;8eacc62b-dcb1-4e56-9c25-f8816a08bb74;euh à l'encontre de;2026-09-21T14:43:12
7768cddb-46fb-4a57-b217-95924308e06a;afin de pff délectable;chef de cuisine loger croâ;8aa18894-efcc-4700-82f5-7d0a2bc56942;antique alors à l'encontre de;2026-09-21T09:25:52
e7dc3e01-5a55-4288-8337-cd5683a17ff2;dans la mesure où;blablabla tromper;012babb8-8e9e-4c6b-9ba3-d87a20bf1283;envers en outre de triangulaire;2026-09-21T11:12:50
348777a8-2e1b-484d-905e-c0d0c3d3b1df;tant que;pour soudain;e299a853-8e5f-4799-83a7-5e9eb0febc35;moyennant ailleurs;2026-09-22T03:08:02
7113b24f-60ac-43b5-8956-091b90aae5e5;en bas de;aussitôt que dans glouglou;e83fd1c6-5cd7-4ed7-af67-369a76ea6566;comme jeune enfant avex;2026-09-21T11:02:27
bf357e64-5a6f-45a9-8939-6cea57b778bb;pour;atchoum;391f0650-4d8d-4a14-9de3-6ae13fc5a1eb;être extra à l'instar de;2026-09-21T15:55:11
10ec52ff-5f55-4fb5-bc7f-3d7733394140;pour que;diététiste;3db4b889-34b1-4f22-b4f4-aea821761090;acquérir près de enlever;2026-09-21T14:24:03
d2275181-5e8c-4101-9bf0-6f6f94fb1e1b;tsoin-tsoin efficace au-dehors;drelin quand vers;91697d8f-5c68-42cd-b26c-ea155874efcc;vraiment entre complètement;2026-09-21T20:05:55
0ed35234-4076-4c6f-b8d3-c66858121652;groin groin afin de en face de;pacifique de manière à ce que;0854c822-0bae-4078-ba54-18309511fd33;touriste;2026-09-22T07:06:12
