id;titre;message;date_envoi;lu;client_id
36edc236-e2bd-44af-ba53-c57017e7d9fe;collègue;../fake-data/blob/hipster.txt;2026-09-22T01:15:04;true;e5e200c2-b827-4477-9b8c-4e50d460479e
5c256250-6ebf-4e9b-b8c8-e3675fef7980;jusqu’à ce que blesser;../fake-data/blob/hipster.txt;2026-09-22T01:34:39;true;2f6173dc-1e7f-4b02-8eff-caa821f60d31
8e00f530-e7c9-48c6-b1af-95d41fcdd6b6;à l'encontre de;../fake-data/blob/hipster.txt;2026-09-21T13:56:41;false;c927ed79-2e43-42af-943e-74305a7561a4
ebaded3f-8117-4d99-9a57-a51592e67839;nonobstant trop;../fake-data/blob/hipster.txt;2026-09-21T15:14:54;false;09d20dbd-5dfe-4cbc-a0cd-d112724b8500
7359dc8b-8938-4b38-9362-ff3784a22775;clientèle ouille si bien que;../fake-data/blob/hipster.txt;2026-09-21T16:58:54;false;66223fd8-4192-48ec-85ab-11f4e8604fc2
17f0fe1b-99e4-4a06-aa29-419445e6d017;du fait que;../fake-data/blob/hipster.txt;2026-09-21T11:26:46;false;1e6d1ee2-6104-40eb-a476-f036beb3ba01
e6bb6f34-f90c-41ba-b810-6900f9691852;ensuite tic-tac debout;../fake-data/blob/hipster.txt;2026-09-21T22:31:40;true;9a7ae3c4-8bbd-4549-8059-00021480c95f
7d406865-333d-43d3-81a0-a4bf33258e85;dès que jusque;../fake-data/blob/hipster.txt;2026-09-22T03:39:36;false;f5b4d30e-f7e6-49c1-af81-0e2fa259aa67
0c93bcc3-150a-43dc-8e78-247400c313fa;échapper;../fake-data/blob/hipster.txt;2026-09-21T17:46:10;true;f2d11423-7aa6-4238-9328-7279b7d50265
9c1d3b83-c155-4824-a023-4c2502a6a438;aussitôt que;../fake-data/blob/hipster.txt;2026-09-21T22:44:43;false;35375b8f-17e8-4124-8c80-c9d517c7316c
4eedcc06-b5f4-47ab-88c3-29a825930156;soudain malade meuh;../fake-data/blob/hipster.txt;2026-09-22T02:43:46;true;8161b332-1910-4bea-94b4-9ec51e3d5a68
e1e3f7db-c5b7-446c-88ab-36d0b35460a3;sage autrefois;../fake-data/blob/hipster.txt;2026-09-22T03:23:56;false;64d195a7-de24-420d-a236-2e0024be7b48
b2984edb-7f0d-4234-a664-8363741d606d;communauté étudiante;../fake-data/blob/hipster.txt;2026-09-22T00:43:49;false;06bb1162-daaa-4428-bd85-0077cf1a8af7
04380855-90ec-487d-8f2c-f0861e42e1cf;propre autrefois presque;../fake-data/blob/hipster.txt;2026-09-22T01:36:47;false;9b24f7ca-d1d0-4126-a5ce-2f9c0e61d482
2ccf0cb4-65d9-4f6c-9841-a4956e0eea82;bzzz après;../fake-data/blob/hipster.txt;2026-09-21T18:16:44;true;7299d01f-5506-402b-8acd-8ba857288886
15563ca3-3383-4467-99cf-b58b3e7789b0;gestionnaire vu que;../fake-data/blob/hipster.txt;2026-09-21T20:21:41;true;531f549f-dd5e-4a33-a840-5323d1ede974
b630031d-6ef4-40bc-9d71-b62546fb2eec;personnel;../fake-data/blob/hipster.txt;2026-09-21T19:15:49;false;52630815-09b9-4640-b920-94d5bf285feb
983b4ff5-cbb9-4af8-8b6b-6f4a99c9accb;au-dehors en dedans de revenir;../fake-data/blob/hipster.txt;2026-09-21T23:38:08;true;71493c5a-1aad-4882-a3bc-f9d03a096195
437e0efc-6c94-4243-9b6c-a01716496302;de manière à ce que liquider;../fake-data/blob/hipster.txt;2026-09-21T15:12:26;false;9188d9bf-b7c1-4404-bf9f-69e243a88f7f
c41f747e-64da-4bea-b4c7-b398c4663a96;chef de cuisine oups tant que;../fake-data/blob/hipster.txt;2026-09-22T06:57:59;true;d9eb52ff-c8ed-4592-af08-db22ba168a30
6ca6e9e2-1434-44e0-a83c-8e6aad87e1aa;vanter;../fake-data/blob/hipster.txt;2026-09-21T20:24:09;false;42afb449-5dff-487a-bffc-d51ea7edc9c6
372edc6f-996c-4e92-83e8-f643106f2a33;d'après suffisamment assez;../fake-data/blob/hipster.txt;2026-09-22T04:22:17;true;b66c3398-957e-4b38-be4b-cc62554f24fd
f42b47ab-0209-4b9d-b775-35b221d232c4;dissoudre périr;../fake-data/blob/hipster.txt;2026-09-21T23:46:01;true;962b5740-6367-4020-9d27-5c13ea1597ba
bd7b5ae0-10d7-44db-b8d0-0b5cb8c038f9;vide conseil d’administration dessous;../fake-data/blob/hipster.txt;2026-09-21T17:44:37;true;b3b024a1-10d1-4809-93cc-ab751ac405cf
93d52e50-9e2a-4695-9361-c6afab8598f0;direction;../fake-data/blob/hipster.txt;2026-09-22T08:55:55;false;9a4a54e3-de0c-465f-9c02-25f0cd9fe835
cc9cc595-0834-43ac-b27e-5184f3fd6a04;à défaut de vroum ha;../fake-data/blob/hipster.txt;2026-09-22T01:49:29;false;c108b4db-d8ba-4d29-bf06-5e7930ddf944
8dffa5d9-75d6-482f-99cb-ea560f82fa00;foule malade;../fake-data/blob/hipster.txt;2026-09-21T18:32:05;false;025296bb-b987-43dc-9bf4-a169849b4008
9732ef16-a4f5-42ea-ab56-db97d9fa8cb5;électorat;../fake-data/blob/hipster.txt;2026-09-21T16:42:40;true;e581f329-bea6-4aac-9c64-afd12ea2327d
b51db575-3a63-43ab-82a2-96288e74ebda;conseil d’administration sitôt;../fake-data/blob/hipster.txt;2026-09-21T19:16:17;false;4a957899-dde9-49b6-baa5-5fc559dcfa7f
d42ed0c2-8213-4149-ab62-2fbd437779f7;sombre financer joliment;../fake-data/blob/hipster.txt;2026-09-21T22:51:01;true;3777e12b-1200-4daf-ac21-a61790537d02
