id;date_debut;date_fin;demande_id;partenaire_id
1af5690f-5855-4724-93c4-5cafdd461710;2026-09-21T09:37:43;2026-09-21T11:50:38;fd9c38c5-54ab-4771-8d96-b08668875463;f693a2bd-e557-4b5a-a26b-023e55a546c2
e26c2873-f2b1-43f7-8026-ae49fa40c139;2026-09-21T12:59:47;2026-09-21T09:36:58;4ae6ea44-8a5c-4056-8c05-ce99a8be1d83;7d0b5008-23ca-465f-888a-b51b4ad5accc
24f2f380-a475-4515-a438-d1eeb15d7249;2026-09-21T17:03:19;2026-09-21T17:14:48;5476a98f-ecdb-46bb-9e0f-0df30eea8d52;b4d60d43-5f8c-4ef4-b46a-9ad36538058d
20a1411a-d3b8-4db0-a7dd-2dadd9e68bba;2026-09-21T17:42:45;2026-09-22T03:17:52;146554d6-7632-4f40-b9c2-60a957d0dcd7;3c861bc1-54fe-4883-ab21-650096910a7e
3f4f2fa4-d0fd-438b-be15-d11a07cdaedb;2026-09-22T00:09:15;2026-09-22T00:06:43;339de479-657e-44c6-aa9f-93d67b70a35a;ca792a63-a76b-40e6-a604-30321d7f22dc
294518c7-7908-48e5-a3c0-8cf50fe05da7;2026-09-22T00:01:12;2026-09-21T19:42:08;26300704-5c08-4133-92aa-b822b9f52013;5e996329-783f-43d1-b8a0-0c165a956999
d89f75a4-3e7a-4b99-a8b9-6111dd20df78;2026-09-21T15:48:02;2026-09-21T11:13:19;d7109900-4f7e-4b77-9b35-ca8214e06cbb;77207462-486d-43b6-8514-f626915e09e0
3850add4-593e-48fd-afa7-0bd192f5fbd9;2026-09-21T17:19:57;2026-09-21T15:38:51;6050cbb3-6c12-46d3-8a56-30374aadec88;7de12017-d11a-4bfb-9538-a875cccd5098
423dc7e5-566e-4f3c-b48f-c6dea5356186;2026-09-21T21:42:58;2026-09-21T16:39:25;86f81e49-efd5-4e55-96bd-42dbaec29347;671dc0a9-9528-43c3-82a2-fa98d2b2120c
38b210b2-19d7-455f-ba3a-5e02e8ace1a6;2026-09-21T10:44:39;2026-09-22T05:27:13;0ed188a8-9f93-454e-8cc5-160b29cfda2b;28526cd5-2ad7-4228-b8e3-2d403d5fbb62
d3dc8917-7401-4f44-8c69-5f3fff5d3d1f;2026-09-22T01:37:54;2026-09-21T10:32:06;139d4b4c-454f-4fb5-9988-766b998856ed;8721c22a-0fe6-4aba-92bb-8f230d987f7b
0d26a8bb-671f-4582-950f-a378688de1d4;2026-09-22T00:50:29;2026-09-21T21:05:45;47c48f31-2ef1-4bbd-be4b-d489e8b4dd17;8e545e16-7b7f-4c4a-9646-d93bb88b5731
f5de469d-a0dd-4bee-a284-265866f6770f;2026-09-21T16:25:43;2026-09-21T20:15:18;faceb81d-9f1d-4695-ad75-7ccb590b196d;2a41f7f7-4b51-42f8-84e3-547b16e61a02
dd84377a-0682-4790-aec8-5c44ca8e0a61;2026-09-21T15:50:46;2026-09-22T06:37:51;2d54ead1-62cb-4af1-9338-637a11fda158;15872064-7ef5-485c-9391-5ade02d42e7e
5f96bc8c-577b-4d5d-9808-09ddb395fe2d;2026-09-22T04:45:02;2026-09-21T14:16:13;334d8780-3321-4043-acb4-f7c4340092e2;88c648cf-0565-419f-ae62-ae8b30c288b9
31ee08b0-7e4b-4e61-bad4-d60ee52070c6;2026-09-21T20:54:55;2026-09-21T16:09:41;10df3883-7a95-4953-aa67-ce56a10cb48a;c4e9a72e-8ca3-4928-a6c9-7eb22711136a
757d190f-77ff-4fbb-8cf4-c2ff3c917731;2026-09-22T03:29:04;2026-09-22T05:41:38;ef29bca6-596e-4731-853c-22818e44095d;96566a16-de03-48c2-a457-d50381da416c
9a256192-72e3-4b22-bcb6-50707620eaba;2026-09-21T12:39:37;2026-09-22T00:54:03;a5bf763c-3690-49b6-9c7c-b02a42fd4a09;411f0460-778f-4ae4-bb13-c4dae22f782c
3e0fad21-528e-402a-9dc4-ae72fc80a6fc;2026-09-22T07:23:50;2026-09-22T03:22:43;e2451ed2-e5b9-4a59-b624-15e69bba7627;d88cba5d-034b-4e21-a46b-fde55214fc45
409b806b-030e-444f-bc5b-b96667fe5be3;2026-09-21T18:38:29;2026-09-22T04:26:54;4334e90d-c3d1-45bd-8290-1f455ddf21df;1190c803-a4b4-42f1-9201-5e64c19b1c3d
531d1a1f-7e4d-4265-9e2d-2aa403751159;2026-09-21T14:10:26;2026-09-22T04:00:29;9b1772eb-b078-4556-a68d-1b3c150c3833;8ca7a4d1-6dee-4436-82d5-f85cca0ef86b
5da2c8f5-affd-42aa-ad30-c167d2dd11f8;2026-09-22T03:16:57;2026-09-21T22:27:21;3862ea9e-955f-4b31-9c2a-c86e47f886d1;0241e27a-5675-44fc-8d20-9d797896c583
ea85d389-a978-44bf-8043-4751a26c9023;2026-09-21T14:10:58;2026-09-21T23:45:21;a7f1d645-6f09-464d-b407-565bcd0f5885;5663016f-f253-4773-98e5-579a70503dae
2f29e4a5-bcb5-4e06-a619-5719f8db3a8d;2026-09-21T14:20:33;2026-09-22T05:06:21;b5644f54-d8dd-4a36-a224-13b83db7e420;863ac395-40d6-464b-9ae8-dba000bb7406
233d9077-de09-4668-a3ad-e451f7ab4f23;2026-09-21T12:59:15;2026-09-22T04:57:19;57439d89-49d4-490d-999b-9b3ce932d2db;b1363ccd-6c0b-4f4d-aa3a-b93a82bd1d3e
6a47a340-472b-454b-87bc-15143f712f1b;2026-09-21T17:46:59;2026-09-21T23:28:52;c953f712-05c6-4e75-828e-7dd759dd0618;ff2ee911-4da3-4852-b201-abe3ca33c7ff
69ef07cf-6921-48bf-bbf4-16f944615ae6;2026-09-21T14:11:59;2026-09-21T23:46:36;10b3621b-c54d-4afb-8469-83a85220f40b;d310541d-623d-4872-88fc-c357dee78c3a
29a817c6-cd8c-408a-a2ed-9fc5c0d66916;2026-09-21T23:48:42;2026-09-21T21:01:01;9ba1d688-e0d1-44ed-bdc7-7cb1c6ea02f3;090fc446-7ac6-4e97-8e65-01781ce379b8
b8a901b6-345a-4e56-a977-ae0b94af8cb7;2026-09-22T08:40:31;2026-09-21T11:34:12;a341b1b1-ef1f-42d6-99b0-9d980e154138;27781f5d-b75a-414e-8e3a-44fc6665b4b1
cacd7560-b95f-4287-bdf1-36a1c7402e63;2026-09-22T04:12:34;2026-09-21T18:04:29;9a250185-2d79-40d7-8c49-068fa0f91a98;6854478c-e7e3-4b0b-bbc0-36d0daced75f
