id;code;libelle;description
6e2fb9aa-09d5-483b-9e65-432779d1455e;si redevenir;équipe ha revêtir;à peine
91b93c30-0103-47c6-952c-c8162501efcd;tant que juriste;turquoise rédaction au dépens de;groin groin
7935ac61-1a74-401c-898b-1ae12f4af59c;équipe de recherche caresser simple;cot cot préférer parer;calme procurer commissionnaire
0d531a4f-99ad-49e4-947b-293b256a7427;direction aussitôt que;dessus quoique;élaborer
306d77c1-7133-4f02-9c88-1cacc4215db0;en outre de au lieu de pacifique;vraisemblablement;chef de cuisine
bc25ac0e-396c-4d62-8db0-4ffd3fa8fc2b;à cause de calme;magenta commis;dès
f9f7666e-9291-4fce-8acb-b8984f73ff54;boum;membre titulaire assez;tousser
6166777c-fe1e-41f0-b171-57d0d032bc4d;en bas de avaler rectangulaire;broum derrière d’autant que;au-dessus plic passablement
cf475e23-4875-4eb0-81bd-51cb66c2581b;en vérité;sale aboutir glouglou;tout à fait associer chut
af62c368-cd00-4c32-80ae-77a2efb27f98;transporter mince;propre suffisamment ainsi;réclamer
9ea7a5ed-8d84-455c-8ee9-d81043b84273;bien soit;membre à vie foule;tard tâter à moins de
b7553039-abf5-4322-856a-608af93bed3a;par rapport à;d'entre main-d’œuvre à la faveur de;à demi hors de
63b04c6a-5005-4875-9dd2-0623798a94bd;du fait que sans que triste;tant que;ici sombre
fd9cbf50-6382-4a4b-a5ee-bcd3cc075957;alentour corps enseignant;vis-à-vie de attendrir;déchiffrer
1697accf-796b-4026-b895-2d2622d3ca2b;secouriste;vroum coin-coin vétuste;croâ sage sauf
4b48ee93-967a-4fc9-bd58-bddac268150e;à bas de chef de cuisine du fait que;alors que au-devant;au-dehors
e7c8a78a-d4f2-45e3-9d2f-6438034c8acb;dorénavant;malade;police
02758556-308d-45ee-91f9-0bac731017a0;patientèle auparavant vaincre;sauf avant;photographier patientèle vlan
a174c368-82a2-4a82-8b2d-8b4ac95b2158;communauté étudiante;aussitôt que;adepte
03fe7243-378c-474a-961c-83eb0869a59b;quelquefois antagoniste;délectable;athlète à raison de
5053c33f-aa8a-4e37-9664-f0fe39d36a06;où après que;placide;calculer dès que rejoindre
0ae1065a-25c8-4364-99f6-80f539142f19;bien que immense;en decà de;à même vétuste
8a92780d-8d5e-41ec-8b37-9cc67bb53f85;pourvu que afin que prestataire de services;groin groin glouglou;propre antagoniste électorat
d2014fcc-7f57-4e3b-bab7-584422c1af93;loin rapide diviser;membre du personnel conquérir;déplacer
73b853fd-e7e8-4087-80c3-7fb89847427f;vu que communauté étudiante dormir;là;bè toc
bd9bfe79-8ab2-448a-964d-facf8fd23546;diététiste;moyennant;apte
3982d78e-b745-4527-bada-adf738511e2d;à côté de trop étant donné que;en outre de propre à bas de;corps enseignant en dehors de
61f68eea-fb6b-4970-b1cb-2132e87a1acf;jeune enfant ouch;à l'insu de lorsque guide;collègue d’autant que
33c17326-d7cb-4cc1-8a54-401987dc160c;caractériser par suite de;aux environs de à condition que âcre;cot cot
7a5838a2-762b-49fe-ad4c-f0c20ce3aec9;subito;ferme vroum;appliquer à défaut de vaste
