id;code;libelle
865e45b9-7b2f-431f-b67b-6efc9d86e57d;autour alors que;loin de
60c16c8a-7047-44a1-943f-78c5dfd855b2;taire signaler raide;clac déterminer
3e569061-9e90-4c2d-b399-9aa4ca194428;pendant que sous couleur de;personnel
269a6606-4cad-45a4-bb3a-349ad71aa877;à la merci suffisamment;miaou
7546784a-48ac-4d60-b207-c1e5a14ee1cc;sédentaire ha ha spécialiste;oh si
6d9c286f-7d3f-4853-ac7c-b413a83a471d;camarade afin de;bof personnel professionnel comment
eeff4319-b9a1-4401-a24b-60952b7e2594;de façon que plouf parlementaire;en decà de via sous couleur de
8b77e309-e5ae-436d-8560-b99c3cc957ea;assez susciter;avant-hier foule réfléchir
cd42f9ce-479e-4318-9c1a-416aa0ee7e69;loufoque tic-tac beaucoup;fourrer
04835a8d-e892-466d-a27c-5e47c40bbf4a;assez;au-dessus de direction partenaire
9822ba70-da1f-4572-a320-44e58facc80f;sous couleur de pendant;en decà de
d7e9536f-02b0-4328-9765-fc3e0c44f92a;souple à force de accroître;d’autant que mairie
cc67e292-84fd-4faa-b8f9-694ec61e4fb0;porter autour;mairie
ee79ceb9-fbb9-4ab6-96a5-72ab44812015;moyennant lâche bzzz;diététiste épargner
2b34bb2e-7461-49ee-b4fa-c610de0661e6;deçà;cyan avant que
37fefb4d-102d-4424-9958-b2987df7b175;d'avec;sauvage dring
ec3cc630-a176-40be-a2c2-f79b866f2cc7;à moins de d'abord;peu
aa8cc35b-08e6-46ac-b880-c7c2829de163;alimenter;là-haut dès que espiègle
b0f23478-0cc2-49a9-ba89-12830b9993fb;viser du fait que;géométrique membre du personnel quelquefois
6220b6f1-f2da-4f5b-bec7-164270ed3869;doucement de façon que hé;au-dessus au-dessous de façon que
4e9f2981-e2a6-4f5e-8d5e-614d18e8ef9e;solitaire badaboum de crainte que;aussitôt moderne
526c61e1-7a78-4cd4-899b-7563e1e6362b;clac miaou cocorico;pendant que ah
39b614ea-3916-4189-a4fd-b51a19623333;de sorte que si ouille;d'entre devoir délégation
59fa84dc-8631-4663-93b5-26c0349eec74;au moyen de;approximativement à seule fin de
2b2cba37-3cfd-468a-88e8-f37100d8521a;au cas où toc;en bas de premièrement mairie
e9809a47-52e4-429a-9396-4d5a436c6e60;apte euh;afin que placide
cb2c1f79-9a1e-4353-b82b-18ef777c17bc;chef de cuisine quelque;altruiste souvent
1e05bc57-9539-4d8f-bbaa-4d9fecec9b4c;équipe;oups large malade
5b5de83d-f294-4097-9a68-3810c740b29f;rectorat avant de;personnel
968d4936-824b-42b1-8956-2bea80b3c0f1;ensuite puisque;psitt
